price_id,price_date,price_time,price,pred_price,Percent Change,Target,Signal
74998,2025-05-06,16:15:01,0.2684,0.0,-1.1418047882136295,0,0
74999,2025-05-06,16:31:01,0.2687,0.0,0.11177347242918856,1,1
75000,2025-05-06,16:45:01,0.2692,0.0,0.18608113137328353,1,1
75001,2025-05-06,17:01:01,0.2676,0.0,-0.5943536404160454,0,1
75002,2025-05-06,17:15:02,0.2681,0.0,0.18684603886398587,1,0
75003,2025-05-06,17:31:02,0.2691,0.0,0.37299515106303804,1,0
75004,2025-05-06,17:45:01,0.2696,0.0,0.185804533630618,1,0
75005,2025-05-06,18:01:01,0.2686,0.0,-0.37091988130564246,0,0
75006,2025-05-06,18:15:02,0.2691,0.0,0.18615040953089412,1,0
75007,2025-05-06,18:31:02,0.27,0.0,0.33444816053511683,1,0
75008,2025-05-06,18:45:02,0.2701,0.0,0.037037037037035425,1,0
75062,2025-05-07,8:15:02,0.2754,0.0,1.9622362088115297,1,1
75076,2025-05-07,11:45:02,0.2749,0.0,-0.18155410312272746,0,1
75077,2025-05-07,12:01:02,0.2759,0.0,0.36376864314295876,1,0
75078,2025-05-07,12:15:01,0.2761,0.0,0.07249003262053133,1,1
75079,2025-05-07,12:31:01,0.2761,0.0,0.0,0,1
75080,2025-05-07,12:45:01,0.2747,0.0,-0.5070626584570803,0,1
75081,2025-05-07,13:01:01,0.2748,0.0,0.036403349108105054,1,1
75082,2025-05-07,13:15:01,0.2746,0.0,-0.07278020378456151,0,1
75083,2025-05-07,15:15:01,0.2724,0.0,-0.8011653313911293,0,1
75084,2025-05-07,15:31:02,0.2723,0.0,-0.036710719530097524,0,0
75085,2025-05-07,15:45:02,0.2722,0.0,-0.03672420124861686,0,0
75086,2025-05-07,16:01:02,0.2728,0.0,0.22042615723731895,1,1
75087,2025-05-07,16:15:02,0.272,0.0,-0.293255131964798,0,0
75088,2025-05-07,16:31:01,0.2715,0.0,-0.18382352941176405,0,1
75089,2025-05-07,16:45:01,0.271,0.0,-0.18416206261510082,0,1
75090,2025-05-07,17:01:02,0.273,0.0,0.7380073800737907,1,0
75091,2025-05-07,17:15:02,0.273,0.0,0.0,0,0
75093,2025-05-07,17:45:01,0.2732,0.0,0.073260073260073,1,0
75094,2025-05-07,18:01:01,0.2728,0.0,-0.14641288433382416,0,1
75095,2025-05-07,18:15:02,0.2728,0.0,0.0,0,1
75096,2025-05-07,18:31:02,0.275,0.0,0.8064516129032473,1,0
75097,2025-05-07,18:45:02,0.2755,0.0,0.1818181818181719,1,0
75098,2025-05-07,19:01:01,0.2741,0.0,-0.5081669691470059,0,1
75099,2025-05-07,19:15:01,0.2744,0.0,0.10944910616561554,1,1
75100,2025-05-07,19:31:01,0.2742,0.0,-0.07288629737608465,0,0
75101,2025-05-07,19:45:01,0.2729,0.0,-0.4741064916119697,0,0
75103,2025-05-07,20:15:01,0.2745,0.0,0.5862953462806964,1,0
75104,2025-05-07,20:31:01,0.2752,0.0,0.2550091074681182,1,1
75105,2025-05-07,20:45:02,0.2757,0.0,0.181686046511631,1,1
75106,2025-05-07,21:01:02,0.2758,0.0,0.0362713093942757,1,1
75107,2025-05-07,21:15:02,0.276,0.0,0.07251631617115617,1,1
75108,2025-05-07,21:31:01,0.2772,0.0,0.43478260869564966,1,0
75111,2025-05-07,22:15:02,0.2781,0.0,0.32467532467532756,1,0
75112,2025-05-07,22:31:01,0.2786,0.0,0.1797914419273683,1,0
75113,2025-05-07,22:45:02,0.2797,0.0,0.3948312993539149,1,0
75114,2025-05-07,23:01:02,0.2799,0.0,0.07150518412584184,1,1
75115,2025-05-07,23:15:02,0.2809,0.0,0.35727045373348254,1,1
75116,2025-05-07,23:31:01,0.2802,0.0,-0.24919900320398147,0,0
75117,2025-05-07,23:45:02,0.28,0.0,-0.07137758743753775,0,0
75123,2025-05-08,1:15:02,0.2847,0.0,1.6785714285714182,1,1
75124,2025-05-08,1:31:01,0.2847,0.0,0.0,0,1
75125,2025-05-08,1:45:01,0.2838,0.0,-0.31612223393046035,0,1
75126,2025-05-08,2:01:02,0.2828,0.0,-0.35236081747709314,0,1
75127,2025-05-08,2:15:02,0.2827,0.0,-0.035360678925033806,0,0
75128,2025-05-08,2:31:01,0.2841,0.0,0.4952246197382326,1,0
75129,2025-05-08,2:45:01,0.2856,0.0,0.5279831045406524,1,1
75130,2025-05-08,3:01:02,0.2865,0.0,0.31512605042014474,1,1
75131,2025-05-08,3:15:02,0.2861,0.0,-0.13961605584640324,0,0
75132,2025-05-08,3:31:01,0.2877,0.0,0.5592450192240417,1,1
75133,2025-05-08,3:45:01,0.2881,0.0,0.13903371567605127,1,0
75134,2025-05-08,4:01:01,0.289,0.0,0.3123915307184921,1,1
75135,2025-05-08,4:15:02,0.2907,0.0,0.5882352941176672,1,0
75136,2025-05-08,4:31:01,0.2916,0.0,0.3095975232198178,1,0
75137,2025-05-08,4:45:02,0.2917,0.0,0.03429355281205915,1,1
75138,2025-05-08,5:01:01,0.2913,0.0,-0.13712718546452507,0,0
75139,2025-05-08,5:15:01,0.292,0.0,0.2403020940610956,1,0
75140,2025-05-08,5:31:01,0.2909,0.0,-0.3767123287671148,0,0
75141,2025-05-08,5:45:01,0.2913,0.0,0.13750429700929434,1,0
75142,2025-05-08,6:01:01,0.2915,0.0,0.0686577411603162,1,0
75145,2025-05-08,6:45:02,0.2917,0.0,0.06861063464838058,1,1
75146,2025-05-08,7:01:01,0.292,0.0,0.1028453890983716,1,0
75147,2025-05-08,7:15:02,0.2929,0.0,0.3082191780821919,1,0
75148,2025-05-08,7:31:02,0.2926,0.0,-0.1024240355069872,0,0
75149,2025-05-08,7:45:01,0.2933,0.0,0.23923444976075015,1,0
75150,2025-05-08,8:01:01,0.293,0.0,-0.102284350494386,0,1
75151,2025-05-08,8:15:02,0.2938,0.0,0.27303754266212454,1,1
75153,2025-05-08,8:45:01,0.2942,0.0,0.1361470388019148,1,0
75154,2025-05-08,9:01:01,0.2943,0.0,0.03399048266485849,1,0
75158,2025-05-08,10:01:02,0.2949,0.0,0.20387359836899765,1,0
75159,2025-05-08,10:15:02,0.295,0.0,0.03390979993218579,1,1
75160,2025-05-08,10:31:01,0.2947,0.0,-0.10169491525422458,0,1
75161,2025-05-08,10:45:02,0.2948,0.0,0.0339328130301908,1,0
75162,2025-05-08,11:01:02,0.2952,0.0,0.13568521031208647,1,1
75163,2025-05-08,11:15:01,0.297,0.0,0.609756097560954,1,1
75164,2025-05-08,11:31:01,0.2968,0.0,-0.06734006734006037,0,1
75165,2025-05-08,11:45:01,0.2967,0.0,-0.03369272237195853,0,0
75166,2025-05-08,12:01:02,0.2969,0.0,0.06740815638690556,1,0
75167,2025-05-08,12:15:02,0.2971,0.0,0.0673627484001349,1,1
75170,2025-05-08,13:01:01,0.2967,0.0,-0.13463480309658937,0,0
75171,2025-05-08,13:15:02,0.2972,0.0,0.1685203909673083,1,0
75172,2025-05-08,13:31:02,0.2978,0.0,0.20188425302825053,1,1
75174,2025-05-08,14:01:02,0.2973,0.0,-0.167897918065818,0,0
75175,2025-05-08,14:15:01,0.2977,0.0,0.1345442314160783,1,0
75176,2025-05-08,14:31:01,0.2973,0.0,-0.13436345314075115,0,0
75177,2025-05-08,14:45:02,0.2991,0.0,0.6054490413723412,1,0
75178,2025-05-08,15:01:01,0.2997,0.0,0.20060180541625616,1,1
75179,2025-05-08,15:15:02,0.2992,0.0,-0.16683350016682974,0,0
75183,2025-05-08,16:15:01,0.3024,0.0,1.0695187165775444,1,0
75185,2025-05-08,16:45:02,0.304,0.0,0.5291005291005346,1,1
75187,2025-05-08,17:15:02,0.3038,0.0,-0.06578947368420796,0,1
75209,2025-05-08,22:45:02,0.3082,0.0,1.4483212639894605,1,1
75222,2025-05-09,2:01:01,0.3124,0.0,1.3627514600908608,1,0
75223,2025-05-09,2:15:01,0.3128,0.0,0.1280409731114096,1,0
75238,2025-05-09,6:01:01,0.3159,0.0,0.9910485933503743,1,0
75248,2025-05-09,8:31:01,0.3232,0.0,2.310857866413407,1,0
75298,2025-05-09,20:44:43,0.3196,0.0,-1.1138613861386149,0,0
75299,2025-05-09,20:45:01,0.3196,0.0,0.0,0,0
75300,2025-05-09,21:01:01,0.3201,0.0,0.15644555694618312,1,0
75301,2025-05-09,21:03:29,0.3205,0.0,0.12496094970322336,1,1
75302,2025-05-09,21:15:01,0.3217,0.0,0.37441497659904677,1,0
75303,2025-05-09,21:31:01,0.3207,0.0,-0.31084861672365793,0,0
75304,2025-05-09,21:41:21,0.3207,0.0,0.0,0,0
75305,2025-05-09,21:44:50,0.3214,0.0,0.2182725288431664,1,0
75306,2025-05-09,21:45:01,0.3214,0.0,0.0,0,0
75307,2025-05-09,21:58:03,0.3215,0.0,0.031113876789046202,1,1
75308,2025-05-09,22:01:01,0.3216,0.0,0.03110419906686701,1,1
75309,2025-05-09,22:15:02,0.3211,0.0,-0.15547263681592316,0,1
75310,2025-05-09,22:31:01,0.3207,0.0,-0.1245717844908123,0,0
75311,2025-05-09,22:45:01,0.321,0.0,0.093545369504211,1,0
75312,2025-05-09,23:01:01,0.3195,0.0,-0.4672897196261738,0,0
75313,2025-05-09,23:15:01,0.3195,0.0,0.0,0,0
75314,2025-05-09,23:31:02,0.3212,0.0,0.532081377151794,1,1
75316,2025-05-10,0:01:01,0.3213,0.0,0.031133250311321525,1,0
75317,2025-05-10,0:15:01,0.3243,0.0,0.9337068160597539,1,0
75318,2025-05-10,0:31:01,0.3275,0.0,0.9867406722170902,1,0
75319,2025-05-10,0:45:01,0.3263,0.0,-0.3664122137404635,0,1
75320,2025-05-10,1:01:01,0.3219,0.0,-1.348452344468265,0,0
75321,2025-05-10,1:15:01,0.322,0.0,0.031065548306918878,1,0
75322,2025-05-10,1:31:02,0.3243,0.0,0.7142857142857117,1,0
75324,2025-05-10,2:01:02,0.3222,0.0,-0.6475485661424529,0,0
75325,2025-05-10,2:15:02,0.3228,0.0,0.18621973929235924,1,1
75326,2025-05-10,2:31:02,0.3229,0.0,0.030978934324665808,1,1
75327,2025-05-10,2:45:02,0.3234,0.0,0.1548467017652433,1,0
75328,2025-05-10,3:01:02,0.3232,0.0,-0.06184291898578831,0,0
75329,2025-05-10,3:15:01,0.3223,0.0,-0.27846534653466204,0,0
75330,2025-05-10,3:31:02,0.3224,0.0,0.031026993484339904,1,0
75332,2025-05-10,4:01:01,0.3225,0.0,0.031017369727037725,1,0
75334,2025-05-10,4:31:02,0.3203,0.0,-0.6821705426356739,0,0
75335,2025-05-10,4:45:02,0.3206,0.0,0.09366219169528733,1,0
75336,2025-05-10,5:01:01,0.3211,0.0,0.1559575795383683,1,1
75337,2025-05-10,5:15:02,0.3215,0.0,0.1245717844908123,1,1
75339,2025-05-10,5:45:01,0.3232,0.0,0.5287713841368502,1,0
75340,2025-05-10,6:01:02,0.326,0.0,0.8663366336633782,1,1
75341,2025-05-10,6:15:02,0.3262,0.0,0.06134969325153339,1,0
75342,2025-05-10,6:31:02,0.3269,0.0,0.21459227467812703,1,1
75343,2025-05-10,6:45:01,0.3268,0.0,-0.030590394616103467,0,0
75344,2025-05-10,7:01:01,0.3256,0.0,-0.3671970624234966,0,0
75345,2025-05-10,7:15:02,0.3271,0.0,0.4606879606879666,1,1
75346,2025-05-10,7:31:01,0.3268,0.0,-0.09171507184347893,0,0
75347,2025-05-10,7:45:02,0.3276,0.0,0.2447980416156792,1,0
75348,2025-05-10,8:01:01,0.3281,0.0,0.15262515262515208,1,0
75349,2025-05-10,8:15:02,0.3281,0.0,0.0,0,0
75350,2025-05-10,8:31:02,0.3288,0.0,0.21334958854006825,1,0
75351,2025-05-10,8:45:02,0.3273,0.0,-0.45620437956204185,0,1
75352,2025-05-10,9:15:01,0.3231,0.0,-1.2832263978001746,0,0
75353,2025-05-10,9:31:02,0.3238,0.0,0.21665119158154056,1,0
75354,2025-05-10,9:45:02,0.3232,0.0,-0.18529956763433386,0,0
75355,2025-05-10,10:01:01,0.3248,0.0,0.4950495049504955,1,1
75356,2025-05-10,10:15:02,0.3252,0.0,0.12315270935960854,1,1
75357,2025-05-10,10:31:02,0.3251,0.0,-0.030750307503069063,0,0
75359,2025-05-10,11:01:01,0.3238,0.0,-0.39987696093510827,0,0
75360,2025-05-10,11:15:02,0.3226,0.0,-0.3705991352686788,0,0
75361,2025-05-10,11:31:02,0.3225,0.0,-0.030998140111593298,0,0
75362,2025-05-10,11:45:02,0.3214,0.0,-0.3410852713178314,0,0
75363,2025-05-10,12:01:01,0.3207,0.0,-0.21779713752334562,0,0
75364,2025-05-10,12:15:01,0.3221,0.0,0.4365450576863106,1,1
75365,2025-05-10,12:31:01,0.3224,0.0,0.09313877677741278,1,0
75366,2025-05-10,12:45:02,0.3213,0.0,-0.3411910669975371,0,0
75367,2025-05-10,13:01:02,0.3219,0.0,0.186741363211973,1,0
75368,2025-05-10,13:15:01,0.3238,0.0,0.5902454178316141,1,0
75370,2025-05-10,13:45:02,0.3222,0.0,-0.49413218035824213,0,0
75372,2025-05-10,14:15:01,0.3239,0.0,0.527622594661703,1,0
75373,2025-05-10,14:31:02,0.3241,0.0,0.0617474529175599,1,1
75374,2025-05-10,14:45:02,0.3244,0.0,0.0925640234495706,1,0
75375,2025-05-10,15:01:01,0.3251,0.0,0.21578298397040285,1,0
75376,2025-05-10,15:15:01,0.3235,0.0,-0.4921562596124196,0,0
75378,2025-05-10,15:45:02,0.3219,0.0,-0.49459041731065856,0,0
75379,2025-05-10,16:01:01,0.3218,0.0,-0.031065548306941082,0,0
75380,2025-05-10,16:09:47,0.3217,0.0,-0.03107520198880609,0,0
75381,2025-05-10,16:11:23,0.3221,0.0,0.12433944668945873,1,1
75382,2025-05-10,16:13:18,0.3221,0.0,0.0,0,1
75383,2025-05-10,16:15:01,0.3221,0.0,0.0,0,1
75384,2025-05-10,16:18:25,0.3224,0.0,0.09313877677741278,1,0
75386,2025-05-10,16:31:01,0.3246,0.0,0.6823821339950298,1,1
75387,2025-05-10,16:45:01,0.3261,0.0,0.46210720887245316,1,1
75388,2025-05-10,17:01:01,0.3266,0.0,0.15332720024532343,1,0
75392,2025-05-10,17:34:14,0.3284,0.0,0.5511328842620955,1,0
75393,2025-05-10,17:34:59,0.3284,0.0,0.0,0,0
75394,2025-05-10,17:35:03,0.3286,0.0,0.06090133982947776,1,0
75395,2025-05-10,17:45:02,0.3292,0.0,0.1825928180158254,1,0
75396,2025-05-10,18:01:01,0.3276,0.0,-0.4860267314702238,0,0
75397,2025-05-10,18:15:02,0.3285,0.0,0.27472527472527375,1,0
75398,2025-05-10,18:31:01,0.3289,0.0,0.12176560121766045,1,1
75399,2025-05-10,18:45:02,0.3281,0.0,-0.24323502584372436,0,0
75401,2025-05-10,19:15:02,0.3279,0.0,-0.060957025297159184,0,0
75402,2025-05-10,19:31:01,0.3278,0.0,-0.030497102775250973,0,0
75403,2025-05-10,19:45:01,0.3283,0.0,0.15253203172667096,1,1
75404,2025-05-10,20:01:01,0.3287,0.0,0.12183978068840418,1,1
75405,2025-05-10,20:15:01,0.3286,0.0,-0.030422878004254805,0,0
75406,2025-05-10,20:31:02,0.3288,0.0,0.060864272671934394,1,0
75407,2025-05-10,20:45:02,0.3297,0.0,0.27372262773723843,1,1
75409,2025-05-10,21:15:01,0.331,0.0,0.3942978465271585,1,0
75410,2025-05-10,21:31:01,0.3309,0.0,-0.03021148036252974,0,0
75411,2025-05-10,21:45:01,0.332,0.0,0.3324267150196514,1,0
75412,2025-05-10,22:01:02,0.3332,0.0,0.3614457831325302,1,0
75415,2025-05-10,22:45:02,0.334,0.0,0.24009603841537164,1,1
75417,2025-05-10,23:15:01,0.3357,0.0,0.5089820359281294,1,1
75418,2025-05-10,23:31:02,0.3388,0.0,0.9234435507893934,1,0
75419,2025-05-10,23:45:02,0.3384,0.0,-0.11806375442738881,0,1
75420,2025-05-11,0:01:02,0.3392,0.0,0.23640661938535423,1,0
75421,2025-05-11,0:15:01,0.3404,0.0,0.3537735849056478,1,0
75422,2025-05-11,0:31:02,0.3365,0.0,-1.1457109283196099,0,0
75423,2025-05-11,0:45:02,0.3353,0.0,-0.35661218424963836,0,0
75425,2025-05-11,1:15:01,0.3367,0.0,0.41753653444676075,1,1
75427,2025-05-11,1:45:02,0.3387,0.0,0.5940005940005877,1,1
75428,2025-05-11,2:01:02,0.3333,0.0,-1.5943312666076181,0,0
75429,2025-05-11,2:15:02,0.3337,0.0,0.12001200120013156,1,0
75431,2025-05-11,2:45:02,0.3369,0.0,0.9589451603236432,1,0
75432,2025-05-11,3:01:01,0.3349,0.0,-0.5936479667557171,0,0
75434,2025-05-11,3:31:01,0.3415,0.0,1.9707375335921373,1,1
75435,2025-05-11,3:45:02,0.3396,0.0,-0.5563689604685229,0,0
75436,2025-05-11,4:01:01,0.3399,0.0,0.08833922261484162,1,0
75437,2025-05-11,4:15:01,0.3406,0.0,0.205942924389535,1,1
75439,2025-05-11,4:45:02,0.3397,0.0,-0.264239577216685,0,0
75440,2025-05-11,5:01:02,0.3413,0.0,0.4710038269060801,1,0
75441,2025-05-11,5:15:01,0.3405,0.0,-0.2343978904189803,0,1
75442,2025-05-11,5:31:02,0.3411,0.0,0.17621145374449032,1,1
75445,2025-05-11,6:15:01,0.3371,0.0,-1.1726766344180573,0,0
75446,2025-05-11,6:31:01,0.3386,0.0,0.4449718184514895,1,0
75448,2025-05-11,7:01:02,0.3341,0.0,-1.3290017720023584,0,1
75449,2025-05-11,7:15:02,0.3305,0.0,-1.0775217000897896,0,0
75450,2025-05-11,7:31:01,0.3303,0.0,-0.0605143721634005,0,0
75451,2025-05-11,7:45:01,0.3294,0.0,-0.27247956403267937,0,0
75452,2025-05-11,8:01:02,0.327,0.0,-0.7285974499089298,0,0
75453,2025-05-11,8:15:02,0.3284,0.0,0.4281345565749328,1,0
75455,2025-05-11,8:45:02,0.3289,0.0,0.1522533495736944,1,1
75456,2025-05-11,9:01:01,0.3293,0.0,0.12161751292185663,1,0
75457,2025-05-11,9:15:02,0.3304,0.0,0.33404190707562176,1,0
75458,2025-05-11,9:31:02,0.3324,0.0,0.6053268765132902,1,0
75460,2025-05-11,10:01:01,0.3338,0.0,0.4211793020457266,1,0
75461,2025-05-11,10:15:01,0.3328,0.0,-0.29958058717795,0,0
75462,2025-05-11,10:31:02,0.3327,0.0,-0.030048076923072653,0,0
75464,2025-05-11,11:01:01,0.3333,0.0,0.18034265103696878,1,0
75465,2025-05-11,11:15:01,0.3336,0.0,0.09000900090010422,1,0
75466,2025-05-11,11:31:02,0.3344,0.0,0.23980815347721673,1,1
75467,2025-05-11,11:45:01,0.3345,0.0,0.029904306220118748,1,0
75468,2025-05-11,12:01:01,0.3347,0.0,0.05979073243647104,1,1
75469,2025-05-11,12:15:01,0.3359,0.0,0.35853002688974733,1,1
75470,2025-05-11,12:31:02,0.3351,0.0,-0.23816612086929867,0,0
75471,2025-05-11,12:45:02,0.3352,0.0,0.029841838257227415,1,0
75472,2025-05-11,13:01:02,0.335,0.0,-0.05966587112171684,0,0
75473,2025-05-11,13:15:01,0.3351,0.0,0.029850746268644812,1,0
75474,2025-05-11,13:31:01,0.3346,0.0,-0.1492091912861815,0,0
75475,2025-05-11,13:45:01,0.332,0.0,-0.7770472205618661,0,0
75476,2025-05-11,14:01:01,0.3295,0.0,-0.7530120481927693,0,1
75477,2025-05-11,14:15:01,0.3299,0.0,0.12139605462822001,1,0
75478,2025-05-11,14:31:01,0.3302,0.0,0.09093664746893104,1,1
75479,2025-05-11,14:45:02,0.3311,0.0,0.27256208358570344,1,1
75480,2025-05-11,15:01:02,0.3314,0.0,0.09060706735124491,1,1
75481,2025-05-11,15:15:02,0.3323,0.0,0.27157513578757175,1,0
75482,2025-05-11,15:31:02,0.3335,0.0,0.36111947035812886,1,0
75483,2025-05-11,15:45:01,0.3322,0.0,-0.389805097451279,0,0
75485,2025-05-11,16:15:01,0.3304,0.0,-0.541842263696557,0,0
75486,2025-05-11,16:31:01,0.3302,0.0,-0.0605326876513379,0,1
75487,2025-05-11,16:45:01,0.3318,0.0,0.48455481526348265,1,0
75488,2025-05-11,17:01:01,0.3309,0.0,-0.271247739602154,0,0
75489,2025-05-11,17:15:01,0.3317,0.0,0.24176488365064142,1,0
75490,2025-05-11,17:31:01,0.3329,0.0,0.3617726861621984,1,1
75494,2025-05-11,18:31:02,0.3345,0.0,0.48062481225594755,1,0
75495,2025-05-11,18:45:01,0.3337,0.0,-0.23916292974589526,0,0
75496,2025-05-11,19:01:01,0.3358,0.0,0.6293077614623943,1,1
75497,2025-05-11,19:15:01,0.3353,0.0,-0.14889815366289083,0,0
75498,2025-05-11,19:31:02,0.3358,0.0,0.14912019087385264,1,1
75499,2025-05-11,19:45:02,0.3357,0.0,-0.029779630732573725,0,1
75500,2025-05-11,20:01:01,0.3352,0.0,-0.14894250819184052,0,0
75501,2025-05-11,20:15:01,0.334,0.0,-0.35799522673030104,0,1
75503,2025-05-11,20:45:02,0.3342,0.0,0.059880239520948564,1,1
75504,2025-05-11,21:01:01,0.3332,0.0,-0.29922202274087484,0,0
75505,2025-05-11,21:15:01,0.3322,0.0,-0.30012004801920344,0,0
75506,2025-05-11,21:31:01,0.3323,0.0,0.030102347983129718,1,0
75508,2025-05-11,22:01:01,0.3341,0.0,0.5416792055371822,1,1
75509,2025-05-11,22:15:02,0.3338,0.0,-0.08979347500749357,0,0
75510,2025-05-11,22:31:02,0.3339,0.0,0.02995805871779389,1,0
75511,2025-05-11,22:45:02,0.3329,0.0,-0.2994908655286066,0,1
75512,2025-05-11,23:01:02,0.333,0.0,0.03003905076601754,1,1
75513,2025-05-11,23:15:02,0.3356,0.0,0.7807807807807876,1,0
75515,2025-05-11,23:45:01,0.3344,0.0,-0.35756853396902155,0,1
75516,2025-05-12,0:01:02,0.3339,0.0,-0.14952153110048272,0,0
75517,2025-05-12,0:15:01,0.3339,0.0,0.0,0,0
75519,2025-05-12,0:45:01,0.338,0.0,1.227912548667276,1,1
75520,2025-05-12,1:01:02,0.3375,0.0,-0.14792899408283544,0,0
75521,2025-05-12,1:15:02,0.3388,0.0,0.3851851851851773,1,0
75522,2025-05-12,1:31:01,0.3361,0.0,-0.7969303423848828,0,1
75523,2025-05-12,1:45:01,0.331,0.0,-1.5174055340672399,0,0
75525,2025-05-12,2:15:01,0.3353,0.0,1.299093655589112,1,0
75526,2025-05-12,2:31:01,0.3364,0.0,0.32806441992245805,1,0
75527,2025-05-12,2:45:01,0.3365,0.0,0.029726516052330787,1,0
75528,2025-05-12,3:01:02,0.3347,0.0,-0.534918276374452,0,1
75529,2025-05-12,3:15:02,0.3346,0.0,-0.029877502240804876,0,0
75530,2025-05-12,3:31:01,0.3363,0.0,0.5080693365212108,1,1
75531,2025-05-12,3:45:01,0.3364,0.0,0.029735355337501268,1,0
75532,2025-05-12,4:01:01,0.3375,0.0,0.32699167657552763,1,0
75533,2025-05-12,4:15:02,0.3371,0.0,-0.1185185185185178,0,0
75534,2025-05-12,4:31:01,0.3378,0.0,0.20765351527736176,1,0
75535,2025-05-12,4:45:02,0.3374,0.0,-0.1184132622853773,0,0
75536,2025-05-12,5:01:01,0.3385,0.0,0.3260225251926707,1,1
75537,2025-05-12,5:15:01,0.3382,0.0,-0.08862629246677578,0,0
75538,2025-05-12,5:31:01,0.3352,0.0,-0.8870490833826183,0,0
75539,2025-05-12,5:45:02,0.3347,0.0,-0.1491646778042921,0,1
75540,2025-05-12,6:01:02,0.335,0.0,0.08963250672244794,1,0
75541,2025-05-12,6:15:01,0.3359,0.0,0.2686567164178921,1,1
75542,2025-05-12,6:31:02,0.3377,0.0,0.5358737719559414,1,1
75543,2025-05-12,6:45:02,0.339,0.0,0.38495706248149464,1,0
75544,2025-05-12,7:01:02,0.3401,0.0,0.3244837758112018,1,1
75547,2025-05-12,7:45:01,0.3492,0.0,2.6756836224639757,1,1
75548,2025-05-12,8:01:01,0.3424,0.0,-1.9473081328751474,0,0
75549,2025-05-12,8:15:02,0.3432,0.0,0.23364485981309802,1,0
75551,2025-05-12,8:45:02,0.3448,0.0,0.4662004662004726,1,0
75552,2025-05-12,9:01:02,0.3478,0.0,0.8700696055684354,1,0
75553,2025-05-12,9:15:01,0.3474,0.0,-0.11500862564692849,0,0
75554,2025-05-12,9:31:01,0.3445,0.0,-0.834772596430633,0,0
75555,2025-05-12,9:45:01,0.3432,0.0,-0.37735849056602655,0,0
75556,2025-05-12,10:01:01,0.3414,0.0,-0.5244755244755317,0,0
75557,2025-05-12,10:15:02,0.3407,0.0,-0.20503807850028588,0,0
75558,2025-05-12,10:31:02,0.3392,0.0,-0.44027003228647166,0,0
75559,2025-05-12,10:45:01,0.3404,0.0,0.3537735849056478,1,0
75560,2025-05-12,11:01:01,0.341,0.0,0.1762632197414904,1,0
75561,2025-05-12,11:15:01,0.3407,0.0,-0.08797653958945162,0,0
75563,2025-05-12,11:45:02,0.3386,0.0,-0.6163780452010492,0,0
75564,2025-05-12,12:01:01,0.3345,0.0,-1.2108682811577065,0,0
75565,2025-05-12,12:15:02,0.3355,0.0,0.2989536621823552,1,0
75566,2025-05-12,12:31:01,0.3375,0.0,0.5961251862891315,1,0
75567,2025-05-12,12:45:02,0.336,0.0,-0.4444444444444473,0,0
75569,2025-05-12,13:15:02,0.3397,0.0,1.1011904761904612,1,0
75570,2025-05-12,13:31:02,0.3403,0.0,0.17662643508977727,1,1
75571,2025-05-12,13:45:02,0.3405,0.0,0.05877167205408096,1,1
75572,2025-05-12,14:01:01,0.3396,0.0,-0.2643171806167466,0,0
75573,2025-05-12,14:15:01,0.3417,0.0,0.6183745583038913,1,0
75574,2025-05-12,14:31:01,0.3366,0.0,-1.492537313432829,0,0
75575,2025-05-12,14:45:02,0.3336,0.0,-0.89126559714795,0,0
75576,2025-05-12,15:01:01,0.3335,0.0,-0.029976019184652092,0,0
75577,2025-05-12,15:15:02,0.3297,0.0,-1.1394302848575788,0,1
75578,2025-05-12,15:31:01,0.3331,0.0,1.031240521686394,1,0
75579,2025-05-12,15:45:02,0.3326,0.0,-0.1501050735514875,0,0
75580,2025-05-12,16:01:02,0.3311,0.0,-0.4509921828021679,0,1
75581,2025-05-12,16:15:01,0.3311,0.0,0.0,0,1
75582,2025-05-12,16:31:02,0.3342,0.0,0.9362730292962862,1,1
75583,2025-05-12,16:45:01,0.3335,0.0,-0.2094554159186024,0,0
75584,2025-05-12,17:01:02,0.3357,0.0,0.6596701649175252,1,1
75585,2025-05-12,17:15:02,0.3374,0.0,0.5064045278522444,1,0
75586,2025-05-12,17:31:02,0.3355,0.0,-0.5631298162418363,0,0
75587,2025-05-12,17:45:02,0.3368,0.0,0.3874813710879277,1,0
75588,2025-05-12,18:01:01,0.3318,0.0,-1.4845605700712583,0,0
75589,2025-05-12,18:15:01,0.3299,0.0,-0.5726341169378979,0,0
75590,2025-05-12,18:31:02,0.3303,0.0,0.12124886329190065,1,0
75591,2025-05-12,18:45:02,0.3226,0.0,-2.331214047835295,0,0
75592,2025-05-12,19:01:02,0.32,0.0,-0.8059516429014257,0,0
75593,2025-05-12,19:15:01,0.3235,0.0,1.0937500000000044,1,0
75594,2025-05-12,19:31:01,0.3276,0.0,1.2673879443585667,1,0
75595,2025-05-12,19:45:01,0.3264,0.0,-0.366300366300365,0,0
75596,2025-05-12,20:01:01,0.3266,0.0,0.06127450980391025,1,0
75597,2025-05-12,20:15:01,0.3267,0.0,0.030618493570111482,1,1
75598,2025-05-12,20:31:02,0.3291,0.0,0.7346189164371131,1,1
75599,2025-05-12,20:45:01,0.3294,0.0,0.09115770282590585,1,0
75600,2025-05-12,21:01:01,0.3313,0.0,0.5768063145112245,1,0
75601,2025-05-12,21:15:01,0.331,0.0,-0.09055236945365586,0,0
75602,2025-05-12,21:31:02,0.3319,0.0,0.2719033232628343,1,1
75604,2025-05-12,22:01:02,0.3318,0.0,-0.030129557095504023,0,0
75605,2025-05-12,22:15:01,0.3326,0.0,0.24110910186860846,1,0
75606,2025-05-12,22:31:01,0.333,0.0,0.12026458208058699,1,1
75607,2025-05-12,22:45:01,0.3334,0.0,0.12012012012010409,1,0
75608,2025-05-12,23:01:01,0.3342,0.0,0.23995200959807672,1,1
75609,2025-05-12,23:15:02,0.3345,0.0,0.08976660682227244,1,0
75610,2025-05-12,23:31:02,0.335,0.0,0.1494768310911887,1,0
75612,2025-05-13,0:01:01,0.3356,0.0,0.1791044776119355,1,0
75613,2025-05-13,0:15:01,0.335,0.0,-0.17878426698449967,0,0
75614,2025-05-13,0:31:02,0.3342,0.0,-0.23880597014925842,0,1
75615,2025-05-13,0:45:02,0.331,0.0,-0.957510472770795,0,0
75616,2025-05-13,1:01:02,0.3304,0.0,-0.18126888217522286,0,0
75617,2025-05-13,1:15:01,0.329,0.0,-0.4237288135593209,0,0
75619,2025-05-13,1:45:01,0.3232,0.0,-1.7629179331307032,0,0
75620,2025-05-13,2:01:02,0.3244,0.0,0.3712871287128827,1,0
75621,2025-05-13,2:15:02,0.3233,0.0,-0.3390875462392251,0,0
75622,2025-05-13,2:31:02,0.3187,0.0,-1.4228270955768618,0,1
75623,2025-05-13,2:45:02,0.3195,0.0,0.2510197678067261,1,0
75625,2025-05-13,3:15:01,0.32,0.0,0.15649452269170805,1,0
75626,2025-05-13,3:31:01,0.3216,0.0,0.49999999999998934,1,1
75627,2025-05-13,3:45:01,0.3179,0.0,-1.1504975124378092,0,1
75628,2025-05-13,4:01:02,0.3169,0.0,-0.3145643284051536,0,0
75629,2025-05-13,4:15:02,0.3172,0.0,0.09466708740926144,1,1
75630,2025-05-13,4:31:01,0.3195,0.0,0.7250945775536088,1,0
75631,2025-05-13,4:45:02,0.3213,0.0,0.5633802816901401,1,0
75632,2025-05-13,5:01:01,0.3242,0.0,0.9025832555244362,1,1
75634,2025-05-13,5:31:01,0.3252,0.0,0.30845157310301907,1,1
75636,2025-05-13,6:01:01,0.3253,0.0,0.030750307503080165,1,0
75637,2025-05-13,6:15:02,0.3262,0.0,0.27666769136183156,1,0
75638,2025-05-13,6:31:01,0.3269,0.0,0.21459227467812703,1,1
75640,2025-05-13,7:01:01,0.3263,0.0,-0.1835423676965542,0,1
75641,2025-05-13,7:15:01,0.3273,0.0,0.30646644192460215,1,1
75642,2025-05-13,7:31:01,0.3281,0.0,0.24442407577147662,1,0
75643,2025-05-13,7:45:02,0.3283,0.0,0.060957025297159184,1,1
75644,2025-05-13,8:01:01,0.3284,0.0,0.03045994517212325,1,0
75645,2025-05-13,8:15:01,0.3278,0.0,-0.1827040194884444,0,0
75646,2025-05-13,8:31:02,0.3273,0.0,-0.15253203172665986,0,1
75647,2025-05-13,8:45:01,0.328,0.0,0.21387106630004205,1,1
75648,2025-05-13,9:01:02,0.3283,0.0,0.09146341463412977,1,1
75649,2025-05-13,9:15:02,0.3292,0.0,0.2741395065488872,1,0
75650,2025-05-13,9:31:01,0.3311,0.0,0.5771567436209102,1,1
75651,2025-05-13,9:45:02,0.3328,0.0,0.5134400483237656,1,0
75652,2025-05-13,10:01:01,0.333,0.0,0.06009615384616751,1,1
75653,2025-05-13,10:15:01,0.3321,0.0,-0.2702702702702786,0,1
75654,2025-05-13,10:31:01,0.3315,0.0,-0.18066847335139746,0,0
75655,2025-05-13,10:45:01,0.3304,0.0,-0.33182503770738947,0,0
75656,2025-05-13,11:01:02,0.3307,0.0,0.09079903147699575,1,1
75658,2025-05-13,11:31:02,0.3301,0.0,-0.1814333232536991,0,0
75660,2025-05-13,12:01:01,0.3294,0.0,-0.21205695243864398,0,0
75661,2025-05-13,12:15:01,0.3289,0.0,-0.15179113539769418,0,1
75663,2025-05-13,12:45:01,0.3304,0.0,0.45606567345697346,1,0
75666,2025-05-13,13:31:01,0.3335,0.0,0.9382566585956376,1,0
75667,2025-05-13,13:45:02,0.3343,0.0,0.23988005996999906,1,0
75668,2025-05-13,14:01:02,0.3327,0.0,-0.4786120251271231,0,0
75670,2025-05-13,14:31:01,0.3288,0.0,-1.1722272317403082,0,0
75672,2025-05-13,15:01:01,0.329,0.0,0.06082725060827521,1,0
75673,2025-05-13,15:15:01,0.3303,0.0,0.3951367781154902,1,0
75674,2025-05-13,15:31:01,0.331,0.0,0.21192854980320863,1,0
75675,2025-05-13,15:45:02,0.3319,0.0,0.2719033232628343,1,1
75676,2025-05-13,16:01:01,0.3325,0.0,0.18077734257306854,1,0
75677,2025-05-13,16:15:02,0.3347,0.0,0.6616541353383409,1,1
75678,2025-05-13,16:31:01,0.3379,0.0,0.9560800717060003,1,1
75679,2025-05-13,16:45:01,0.3394,0.0,0.4439183190293017,1,1
75680,2025-05-13,17:01:01,0.339,0.0,-0.11785503830287203,0,0
75681,2025-05-13,17:15:02,0.3408,0.0,0.5309734513274211,1,0
75682,2025-05-13,17:31:02,0.3414,0.0,0.17605633802817433,1,0
75683,2025-05-13,17:45:01,0.3397,0.0,-0.4979496192149879,0,0
75684,2025-05-13,18:01:02,0.3398,0.0,0.029437739181625844,1,0
75686,2025-05-13,18:31:01,0.3431,0.0,0.9711595055915234,1,1
75687,2025-05-13,18:45:02,0.3441,0.0,0.29146021568056124,1,0
75688,2025-05-13,19:01:02,0.3453,0.0,0.34873583260679464,1,1
75689,2025-05-13,19:15:01,0.3464,0.0,0.31856356791195584,1,0
75690,2025-05-13,19:31:02,0.3481,0.0,0.4907621247113303,1,0
75691,2025-05-13,19:45:02,0.349,0.0,0.2585463947141431,1,1
75692,2025-05-13,20:01:02,0.3481,0.0,-0.2578796561604424,0,0
75693,2025-05-13,20:15:02,0.3469,0.0,-0.34472852628556483,0,1
75695,2025-05-13,20:45:02,0.3481,0.0,0.3459210147016556,1,0
75696,2025-05-13,21:01:02,0.3478,0.0,-0.08618213157138843,0,0
75697,2025-05-13,21:15:01,0.3475,0.0,-0.08625646923520192,0,0
75698,2025-05-13,21:31:01,0.3468,0.0,-0.20143884892085406,0,1
75699,2025-05-13,21:45:01,0.3481,0.0,0.3748558246828182,1,0
75700,2025-05-13,22:01:02,0.3487,0.0,0.17236426314277686,1,0
75701,2025-05-13,22:15:02,0.3462,0.0,-0.716948666475481,0,0
75702,2025-05-13,22:31:01,0.3467,0.0,0.14442518775275026,1,1
75703,2025-05-13,22:45:02,0.3466,0.0,-0.028843380444187883,0,0
75704,2025-05-13,23:01:01,0.3455,0.0,-0.31736872475477407,0,0
75706,2025-05-13,23:31:02,0.346,0.0,0.14471780028944004,1,0
75708,2025-05-14,0:01:01,0.3456,0.0,-0.11560693641616826,0,0
75709,2025-05-14,0:15:01,0.3473,0.0,0.4918981481481399,1,0
75710,2025-05-14,0:31:02,0.3482,0.0,0.25914195220271274,1,0
75711,2025-05-14,0:45:02,0.3482,0.0,0.0,0,0
75712,2025-05-14,1:01:01,0.3483,0.0,0.028719126938536732,1,1
75713,2025-05-14,1:15:01,0.3498,0.0,0.4306632213608941,1,0
75714,2025-05-14,1:31:01,0.3499,0.0,0.028587764436815988,1,1
75715,2025-05-14,1:45:02,0.3489,0.0,-0.2857959416976308,0,0
75716,2025-05-14,2:01:02,0.3473,0.0,-0.45858412152478545,0,0
75717,2025-05-14,2:15:02,0.3442,0.0,-0.8926000575871007,0,1
75718,2025-05-14,2:31:01,0.3445,0.0,0.08715862870423141,1,0
75719,2025-05-14,2:45:01,0.3441,0.0,-0.11611030478954065,0,0
75720,2025-05-14,3:01:02,0.3443,0.0,0.058122638767788004,1,0
75721,2025-05-14,3:15:01,0.344,0.0,-0.08713331397037782,0,0
75722,2025-05-14,3:31:02,0.3443,0.0,0.0872093023255971,1,0
75723,2025-05-14,3:45:01,0.3411,0.0,-0.9294220156839894,0,1
75724,2025-05-14,4:01:02,0.3422,0.0,0.32248607446496713,1,0
75725,2025-05-14,4:15:01,0.3413,0.0,-0.26300409117475665,0,0
75726,2025-05-14,4:31:02,0.3413,0.0,0.0,0,0
75728,2025-05-14,5:01:01,0.3429,0.0,0.4687957808379606,1,0
75730,2025-05-14,5:31:02,0.3435,0.0,0.17497812773403787,1,1
75731,2025-05-14,5:45:02,0.3445,0.0,0.29112081513826826,1,0
75732,2025-05-14,6:01:01,0.3457,0.0,0.34833091436865526,1,0
75733,2025-05-14,6:15:01,0.3452,0.0,-0.1446340757882525,0,0
75734,2025-05-14,6:31:01,0.3453,0.0,0.028968713789101486,1,1
75736,2025-05-14,7:01:01,0.3439,0.0,-0.40544454097886096,0,1
75737,2025-05-14,7:15:02,0.3434,0.0,-0.14539110206455153,0,0
75738,2025-05-14,7:31:02,0.3418,0.0,-0.4659289458357585,0,0
75739,2025-05-14,7:45:01,0.3414,0.0,-0.1170275014628519,0,0
75740,2025-05-14,8:01:02,0.3411,0.0,-0.08787346221440506,0,1
75741,2025-05-14,8:15:01,0.3381,0.0,-0.8795074758135457,0,0
75742,2025-05-14,8:31:01,0.3383,0.0,0.05915409642116565,1,1
75743,2025-05-14,8:45:01,0.3386,0.0,0.0886786875554213,1,0
75746,2025-05-14,9:31:01,0.334,0.0,-1.358535144713524,0,1
75747,2025-05-14,9:45:02,0.3342,0.0,0.059880239520948564,1,1
75748,2025-05-14,10:01:01,0.3342,0.0,0.0,0,1
75749,2025-05-14,10:15:02,0.3353,0.0,0.32914422501495455,1,0
75750,2025-05-14,10:31:02,0.336,0.0,0.20876826722340258,1,0
75751,2025-05-14,10:45:01,0.3361,0.0,0.029761904761893554,1,1
75752,2025-05-14,11:01:01,0.335,0.0,-0.3272835465635171,0,0
75753,2025-05-14,11:15:01,0.3354,0.0,0.11940298507462366,1,0
75754,2025-05-14,11:31:01,0.3363,0.0,0.26833631484795006,1,1
75755,2025-05-14,11:45:02,0.337,0.0,0.20814748736248667,1,0
75756,2025-05-14,12:01:02,0.3374,0.0,0.11869436201779049,1,0
75757,2025-05-14,12:15:01,0.3374,0.0,0.0,0,0
75758,2025-05-14,12:31:02,0.3383,0.0,0.2667457024303488,1,1
75759,2025-05-14,12:45:02,0.3366,0.0,-0.5025125628140614,0,0
75760,2025-05-14,13:01:02,0.3354,0.0,-0.35650623885918886,0,0
75761,2025-05-14,13:15:01,0.3333,0.0,-0.6261180679785316,0,0
75762,2025-05-14,13:31:01,0.3337,0.0,0.12001200120013156,1,0
75763,2025-05-14,13:45:02,0.3331,0.0,-0.17980221756067616,0,0
75764,2025-05-14,14:01:02,0.3313,0.0,-0.5403782647853572,0,0
75765,2025-05-14,14:15:01,0.3324,0.0,0.3320253546634344,1,0
75766,2025-05-14,14:31:02,0.3301,0.0,-0.6919374247894017,0,0
75767,2025-05-14,14:45:01,0.3304,0.0,0.09088155104515216,1,0
75768,2025-05-14,15:01:02,0.3314,0.0,0.3026634382566451,1,1
75769,2025-05-14,15:15:02,0.3299,0.0,-0.4526252263125974,0,0
75770,2025-05-14,15:31:02,0.33,0.0,0.030312215822969613,1,0
75771,2025-05-14,15:45:01,0.3297,0.0,-0.09090909090909705,0,1
75772,2025-05-14,16:01:01,0.3302,0.0,0.15165301789505925,1,1
75773,2025-05-14,16:15:01,0.3312,0.0,0.30284675953966556,1,0
75774,2025-05-14,16:31:02,0.3304,0.0,-0.24154589371979673,0,0
75775,2025-05-14,16:45:02,0.3305,0.0,0.03026634382565785,1,0
75776,2025-05-14,17:01:01,0.3294,0.0,-0.3328290468986306,0,0
75777,2025-05-14,17:15:01,0.3283,0.0,-0.3339404978749405,0,1
75778,2025-05-14,17:31:02,0.3264,0.0,-0.5787389582698643,0,0
75779,2025-05-14,17:45:01,0.3281,0.0,0.5208333333333259,1,0
75780,2025-05-14,18:01:01,0.3295,0.0,0.4266991770801587,1,1
75781,2025-05-14,18:15:02,0.3302,0.0,0.21244309559937946,1,1
75782,2025-05-14,18:31:01,0.329,0.0,-0.3634161114476009,0,0
75783,2025-05-14,18:45:01,0.3292,0.0,0.06079027355623268,1,0
75785,2025-05-14,19:15:02,0.3305,0.0,0.3948967193195596,1,0
75786,2025-05-14,19:31:02,0.3304,0.0,-0.030257186081694698,0,0
75787,2025-05-14,19:45:01,0.3292,0.0,-0.3631961259080052,0,0
75788,2025-05-14,20:01:01,0.3302,0.0,0.3037667071688954,1,1
75789,2025-05-14,20:15:01,0.331,0.0,0.24227740763174133,1,0
75790,2025-05-14,20:31:01,0.331,0.0,0.0,0,0
75791,2025-05-14,20:45:01,0.3308,0.0,-0.06042296072508169,0,0
75792,2025-05-14,21:01:01,0.3306,0.0,-0.06045949214026347,0,0
75793,2025-05-14,21:15:01,0.3286,0.0,-0.6049606775559546,0,0
75794,2025-05-14,21:31:02,0.3283,0.0,-0.0912964090079238,0,1
75795,2025-05-14,21:45:01,0.3289,0.0,0.18275967103260626,1,1
75796,2025-05-14,22:01:01,0.3303,0.0,0.4256612952264982,1,0
75797,2025-05-14,22:15:01,0.3306,0.0,0.09082652134424496,1,0
75799,2025-05-14,22:45:01,0.3287,0.0,-0.5747126436781658,0,1
75800,2025-05-14,23:01:02,0.3279,0.0,-0.24338302403406065,0,0
75801,2025-05-14,23:15:02,0.3277,0.0,-0.06099420555047974,0,0
75802,2025-05-14,23:31:01,0.3268,0.0,-0.27464144034178295,0,0
75803,2025-05-14,23:45:02,0.3284,0.0,0.4895960832313584,1,0
75804,2025-05-15,0:01:02,0.3292,0.0,0.24360535931788885,1,0
75805,2025-05-15,0:15:02,0.3297,0.0,0.1518833535844477,1,1
75806,2025-05-15,0:31:01,0.3322,0.0,0.758265089475274,1,0
75807,2025-05-15,0:45:02,0.3323,0.0,0.030102347983129718,1,0
75808,2025-05-15,1:01:02,0.334,0.0,0.5115859163406622,1,1
75809,2025-05-15,1:15:01,0.3327,0.0,-0.3892215568862323,0,0
75810,2025-05-15,1:31:01,0.3309,0.0,-0.5410279531109063,0,0
75811,2025-05-15,1:45:02,0.3274,0.0,-1.0577213659715978,0,0
75812,2025-05-15,2:01:01,0.3231,0.0,-1.3133781307269499,0,0
75813,2025-05-15,2:15:02,0.3253,0.0,0.6809037449705846,1,0
75814,2025-05-15,2:31:02,0.3258,0.0,0.15370427297878297,1,0
75815,2025-05-15,2:45:02,0.3262,0.0,0.12277470841006721,1,0
75816,2025-05-15,3:01:01,0.326,0.0,-0.06131207847945852,0,1
75818,2025-05-15,3:31:01,0.3259,0.0,-0.030674846625766694,0,0
75819,2025-05-15,3:45:02,0.3258,0.0,-0.030684258975155476,0,0
75820,2025-05-15,4:01:01,0.3235,0.0,-0.7059545733578809,0,0
75823,2025-05-15,4:45:02,0.3246,0.0,0.34003091190106804,1,1
75824,2025-05-15,5:01:01,0.3236,0.0,-0.30807147258163914,0,0
75825,2025-05-15,5:15:02,0.3231,0.0,-0.15451174289246028,0,0
75826,2025-05-15,5:31:01,0.3204,0.0,-0.835654596100277,0,0
75827,2025-05-15,5:45:02,0.3204,0.0,0.0,0,0
75828,2025-05-15,6:01:01,0.3191,0.0,-0.4057428214731651,0,0
75829,2025-05-15,6:15:01,0.3185,0.0,-0.18802883108742785,0,1
75830,2025-05-15,6:31:01,0.3192,0.0,0.219780219780219,1,0
75831,2025-05-15,6:45:01,0.3164,0.0,-0.877192982456132,0,1
75832,2025-05-15,7:01:01,0.3161,0.0,-0.09481668773705376,0,1
75834,2025-05-15,7:31:02,0.3119,0.0,-1.328693451439411,0,0
75835,2025-05-15,7:45:02,0.3109,0.0,-0.3206155819172829,0,1
75837,2025-05-15,8:15:01,0.3119,0.0,0.32164683177871023,1,0
75838,2025-05-15,8:31:01,0.3131,0.0,0.38473869830073504,1,1
75839,2025-05-15,8:45:02,0.3144,0.0,0.41520281060365427,1,0
75840,2025-05-15,9:01:01,0.3152,0.0,0.2544529262086481,1,1
75841,2025-05-15,9:15:02,0.3146,0.0,-0.1903553299492322,0,1
75842,2025-05-15,9:31:01,0.3147,0.0,0.031786395422761515,1,1
75843,2025-05-15,9:45:01,0.3128,0.0,-0.6037496027962996,0,0
75844,2025-05-15,10:01:01,0.3129,0.0,0.031969309462920315,1,1
75845,2025-05-15,10:15:02,0.3106,0.0,-0.7350591243208804,0,0
75846,2025-05-15,10:31:02,0.3109,0.0,0.09658725048293793,1,1
75847,2025-05-15,10:45:02,0.3094,0.0,-0.48247024766806534,0,1
75848,2025-05-15,11:01:01,0.3092,0.0,-0.06464124111184022,0,0
75849,2025-05-15,11:15:02,0.3113,0.0,0.6791720569210957,1,0
75851,2025-05-15,11:45:01,0.3119,0.0,0.19274012206873525,1,0
75852,2025-05-15,12:01:02,0.3121,0.0,0.06412311638344104,1,0
75853,2025-05-15,12:15:01,0.3118,0.0,-0.0961230374879718,0,1
75854,2025-05-15,12:31:02,0.3118,0.0,0.0,0,1
75856,2025-05-15,13:01:02,0.3134,0.0,0.5131494547786941,1,0
75857,2025-05-15,13:15:01,0.3153,0.0,0.6062539885130835,1,0
75861,2025-05-15,14:15:02,0.3101,0.0,-1.6492229622581789,0,0
75863,2025-05-15,14:45:01,0.3076,0.0,-0.806191551112545,0,1
75864,2025-05-15,15:01:01,0.3064,0.0,-0.39011703511052653,0,1
75865,2025-05-15,15:15:01,0.3089,0.0,0.8159268929504027,1,1
75866,2025-05-15,15:31:01,0.3094,0.0,0.16186468112657781,1,1
75867,2025-05-15,15:45:02,0.3149,0.0,1.7776341305753007,1,1
75868,2025-05-15,16:01:01,0.3175,0.0,0.8256589393458302,1,0
75869,2025-05-15,16:15:02,0.3177,0.0,0.06299212598424031,1,1
75870,2025-05-15,16:31:02,0.3188,0.0,0.34623858986464473,1,1
75871,2025-05-15,16:45:02,0.3181,0.0,-0.21957340025093863,0,0
75872,2025-05-15,17:01:02,0.3212,0.0,0.9745363093366821,1,1
75873,2025-05-15,17:15:01,0.3204,0.0,-0.24906600249064992,0,0
75874,2025-05-15,17:31:01,0.3218,0.0,0.43695380774031456,1,0
75875,2025-05-15,17:45:02,0.3221,0.0,0.09322560596645157,1,1
75876,2025-05-15,18:01:01,0.3214,0.0,-0.2173238124805854,0,0
75877,2025-05-15,18:15:02,0.3201,0.0,-0.40448039825763393,0,0
75878,2025-05-15,18:31:02,0.3192,0.0,-0.281162136832247,0,0
75879,2025-05-15,18:45:02,0.3163,0.0,-0.9085213032581363,0,0
75880,2025-05-15,19:01:01,0.3135,0.0,-0.8852355358836661,0,1
75881,2025-05-15,19:15:01,0.3143,0.0,0.25518341307815273,1,1
75882,2025-05-15,19:31:02,0.3148,0.0,0.15908367801462653,1,0
75883,2025-05-15,19:45:02,0.3149,0.0,0.031766200762395336,1,1
75884,2025-05-15,20:01:01,0.3147,0.0,-0.0635122261035348,0,1
75885,2025-05-15,20:15:01,0.3155,0.0,0.25421035907213785,1,1
75886,2025-05-15,20:31:01,0.3146,0.0,-0.28526148969889586,0,1
75887,2025-05-15,20:45:02,0.3144,0.0,-0.06357279084551193,0,0
75888,2025-05-15,21:01:01,0.3146,0.0,0.06361323155215093,1,1
75889,2025-05-15,21:15:01,0.3134,0.0,-0.3814367450731049,0,0
75890,2025-05-15,21:31:01,0.3099,0.0,-1.1167836630504135,0,1
75891,2025-05-15,21:45:01,0.3126,0.0,0.871248789932233,1,0
75892,2025-05-15,22:01:02,0.3133,0.0,0.22392834293027963,1,0
75893,2025-05-15,22:15:01,0.3148,0.0,0.4787743376954978,1,0
75894,2025-05-15,22:31:02,0.3157,0.0,0.2858958068614914,1,0
75895,2025-05-15,22:45:02,0.3153,0.0,-0.12670256572694383,0,0
75896,2025-05-15,23:01:01,0.3136,0.0,-0.539169045353638,0,0
75897,2025-05-15,23:15:01,0.3111,0.0,-0.7971938775510168,0,1
75899,2025-05-15,23:45:02,0.3119,0.0,0.2571520411443373,1,0
75900,2025-05-16,0:01:01,0.3125,0.0,0.19236934915036752,1,0
75901,2025-05-16,0:15:01,0.3131,0.0,0.19199999999999218,1,1
75902,2025-05-16,0:31:02,0.3142,0.0,0.3513254551261502,1,1
75903,2025-05-16,0:45:02,0.3157,0.0,0.47740292807130214,1,0
75904,2025-05-16,1:01:02,0.3149,0.0,-0.25340513145389876,0,1
75905,2025-05-16,1:15:01,0.3143,0.0,-0.19053667831057108,0,1
75906,2025-05-16,1:31:02,0.3138,0.0,-0.15908367801463763,0,0
75907,2025-05-16,1:45:02,0.3156,0.0,0.5736137667303964,1,0
75908,2025-05-16,2:01:01,0.3156,0.0,0.0,0,0
75909,2025-05-16,2:15:01,0.3178,0.0,0.6970849176172411,1,1
75910,2025-05-16,2:31:01,0.3179,0.0,0.03146633102579788,1,1
75911,2025-05-16,2:45:02,0.3177,0.0,-0.06291286568104182,0,1
75912,2025-05-16,3:01:01,0.3165,0.0,-0.37771482530688516,0,1
75913,2025-05-16,3:15:02,0.3161,0.0,-0.1263823064771019,0,1
75914,2025-05-16,3:31:01,0.3159,0.0,-0.06327111673520847,0,0
75915,2025-05-16,3:45:01,0.3163,0.0,0.1266223488445739,1,0
75916,2025-05-16,4:01:01,0.3164,0.0,0.03161555485298173,1,1
75917,2025-05-16,4:15:01,0.3166,0.0,0.06321112515801364,1,0
75918,2025-05-16,4:31:02,0.3153,0.0,-0.4106127605811638,0,0
75919,2025-05-16,4:45:01,0.3134,0.0,-0.602600697748179,0,0
75920,2025-05-16,5:01:01,0.3141,0.0,0.2233567326100694,1,0
75921,2025-05-16,5:15:02,0.3147,0.0,0.19102196752627254,1,1
75922,2025-05-16,5:31:01,0.3154,0.0,0.22243406418813727,1,0
75924,2025-05-16,6:01:01,0.3163,0.0,0.28535193405199166,1,0
75925,2025-05-16,6:15:01,0.3152,0.0,-0.34777110338287676,0,1
75926,2025-05-16,6:31:01,0.3154,0.0,0.06345177664974777,1,0
75927,2025-05-16,6:45:01,0.3154,0.0,0.0,0,0
75928,2025-05-16,7:01:01,0.3155,0.0,0.03170577045021883,1,1
75930,2025-05-16,7:31:01,0.3168,0.0,0.41204437400952365,1,1
75931,2025-05-16,7:45:01,0.3162,0.0,-0.18939393939395588,0,0
75932,2025-05-16,8:01:01,0.3161,0.0,-0.03162555344717877,0,1
75933,2025-05-16,8:15:01,0.3165,0.0,0.12654223347041693,1,1
75934,2025-05-16,8:31:02,0.3129,0.0,-1.1374407582938395,0,1
75935,2025-05-16,8:45:01,0.3127,0.0,-0.06391818472356592,0,1
75936,2025-05-16,9:01:02,0.3116,0.0,-0.35177486408698444,0,0
75937,2025-05-16,9:15:01,0.3133,0.0,0.5455712451861494,1,0
75938,2025-05-16,9:31:02,0.3146,0.0,0.4149377593360981,1,1
75939,2025-05-16,9:45:01,0.315,0.0,0.12714558169104606,1,1
75940,2025-05-16,10:01:02,0.316,0.0,0.31746031746031633,1,1
75941,2025-05-16,10:15:01,0.3166,0.0,0.18987341772152,1,0
75942,2025-05-16,10:31:01,0.3174,0.0,0.25268477574227344,1,0
75943,2025-05-16,10:45:02,0.3178,0.0,0.1260239445494582,1,1
75945,2025-05-16,11:15:01,0.318,0.0,0.06293266205159576,1,0
75946,2025-05-16,11:31:02,0.318,0.0,0.0,0,0
